model,weights,capture_tag,capture_h,mean_w,mean_h,mean_kb,n_images,imgsz,precision_mode,jpeg_quality,recall_op,precision_op,map50_op,recall_sweep,precision_sweep,map50,map50_95,fwd_median_ms,fwd_p95_ms,fwd_std_ms,pre_ms,inf_ms,post_ms,params_M,gflops,device,torch,encode_ms,compute_ms,tx_ms@2,e2e_ms@2,tx_ms@5,e2e_ms@5,tx_ms@10,e2e_ms@10,tx_ms@20,e2e_ms@20,tx_ms@50,e2e_ms@50
yolo11n,yolo11n.pt,native,,1291,726,187.1,548,1280,fp32,85,0.2223,0.5037,0.17157,0.26762,0.39638,0.24995,0.14319,186.79,207.777,14.938,4.527,115.033,10.338,2.624,27.43,cpu,2.14.0+cpu,7.498128,201.65499999999997,748.4,972.5531279999999,299.36,523.513128,149.68,373.833128,74.84,298.99312799999996,29.936,254.08912799999996
yolo11n,yolo11n.pt,native,,1291,726,187.1,548,960,fp32,85,0.17598,0.48844,0.13492,0.23355,0.36546,0.20928,0.11787,76.833,81.688,3.801,1.435,56.355,5.858,2.624,15.19,cpu,2.14.0+cpu,7.498128,84.126,748.4,855.0241279999999,299.36,405.98412800000006,149.68,256.304128,74.84,181.46412800000002,29.936,136.56012800000002
yolo11n,yolo11n.pt,native,,1291,726,187.1,548,640,fp32,85,0.11405,0.47532,0.08886,0.16789,0.32784,0.14645,0.08036,38.055,50.846,10.588,0.542,27.728,2.903,2.624,6.67,cpu,2.14.0+cpu,7.498128,41.5,748.4,812.3981279999999,299.36,363.358128,149.68,213.67812800000002,74.84,138.838128,29.936,93.934128
yolo11n,yolo11n.pt,native,,1291,726,187.1,548,512,fp32,85,0.08246,0.48699,0.06621,0.13788,0.3145,0.11213,0.06172,30.2,40.279,6.749,0.288,23.723,2.231,2.624,4.26,cpu,2.14.0+cpu,7.498128,32.719,748.4,803.617128,299.36,354.577128,149.68,204.897128,74.84,130.057128,29.936,85.15312800000001
yolo11n,yolo11n.pt,native,,1291,726,187.1,548,320,fp32,85,0.03753,0.41278,0.02889,0.07358,0.24822,0.05378,0.02808,14.983,16.72,1.301,0.144,12.803,1.038,2.624,1.66,cpu,2.14.0+cpu,7.498128,16.165,748.4,787.0631279999999,299.36,338.02312800000004,149.68,188.343128,74.84,113.503128,29.936,68.59912800000001
yolo11n,yolo11n.pt,720p,720.0,1209,680,157.0,548,1280,fp32,85,0.21778,0.4955,0.1697,0.27128,0.39528,0.24702,0.14133,140.531,164.941,12.721,3.007,97.779,9.844,2.624,27.43,cpu,2.14.0+cpu,6.57696,153.382,628.0,802.9589599999999,251.2,426.15896,125.6,300.55896,62.8,237.75896,25.12,200.07896
yolo11n,yolo11n.pt,720p,720.0,1209,680,157.0,548,960,fp32,85,0.17004,0.49694,0.13235,0.2288,0.36552,0.20555,0.1158,72.853,85.099,6.446,1.367,51.762,5.524,2.624,15.19,cpu,2.14.0+cpu,6.57696,79.744,628.0,729.32096,251.2,352.52095999999995,125.6,226.92096,62.8,164.12096,25.12,126.44096
yolo11n,yolo11n.pt,720p,720.0,1209,680,157.0,548,640,fp32,85,0.11313,0.48758,0.08984,0.16481,0.34348,0.14726,0.08119,37.179,56.209,9.009,0.493,28.457,2.814,2.624,6.67,cpu,2.14.0+cpu,6.57696,40.486000000000004,628.0,690.06296,251.2,313.26295999999996,125.6,187.66296,62.8,124.86296,25.12,87.18296000000001
yolo11n,yolo11n.pt,720p,720.0,1209,680,157.0,548,512,fp32,85,0.08349,0.50183,0.0678,0.13052,0.33058,0.11335,0.06287,28.032,33.742,3.074,0.191,20.942,2.119,2.624,4.26,cpu,2.14.0+cpu,6.57696,30.342,628.0,679.91896,251.2,303.11895999999996,125.6,177.51896,62.8,114.71896,25.12,77.03896
yolo11n,yolo11n.pt,720p,720.0,1209,680,157.0,548,320,fp32,85,0.03657,0.4079,0.02892,0.07373,0.25717,0.05382,0.02798,18.439,47.674,13.011,0.136,14.137,1.141,2.624,1.66,cpu,2.14.0+cpu,6.57696,19.716,628.0,669.29296,251.2,292.49296,125.6,166.89296000000002,62.8,104.09296,25.12,66.41296
yolo11n,yolo11n.pt,600p,600.0,1043,586,124.41,548,1280,fp32,85,0.21052,0.49828,0.16393,0.26126,0.40353,0.23954,0.13767,166.159,171.658,3.933,3.046,99.455,9.761,2.624,27.43,cpu,2.14.0+cpu,4.889584,178.96599999999998,497.64,696.495584,199.05599999999998,397.91158399999995,99.52799999999999,298.383584,49.763999999999996,248.61958399999997,19.9056,218.761184
yolo11n,yolo11n.pt,600p,600.0,1043,586,124.41,548,960,fp32,85,0.16906,0.50766,0.13001,0.22845,0.36057,0.20385,0.11494,74.94,79.878,3.475,1.348,52.75,5.622,2.624,15.19,cpu,2.14.0+cpu,4.889584,81.91,497.64,599.439584,199.05599999999998,300.855584,99.52799999999999,201.327584,49.763999999999996,151.563584,19.9056,121.705184
yolo11n,yolo11n.pt,600p,600.0,1043,586,124.41,548,640,fp32,85,0.11399,0.49595,0.08905,0.16163,0.3514,0.14638,0.0805,34.969,37.764,1.85,0.395,26.662,2.798,2.624,6.67,cpu,2.14.0+cpu,4.889584,38.162000000000006,497.64,555.691584,199.05599999999998,257.107584,99.52799999999999,157.579584,49.763999999999996,107.815584,19.9056,77.95718400000001
yolo11n,yolo11n.pt,600p,600.0,1043,586,124.41,548,512,fp32,85,0.08206,0.47197,0.06707,0.13296,0.32667,0.1132,0.06225,25.236,27.467,1.409,0.189,20.455,2.05,2.624,4.26,cpu,2.14.0+cpu,4.889584,27.475,497.64,545.004584,199.05599999999998,246.420584,99.52799999999999,146.892584,49.763999999999996,97.12858399999999,19.9056,67.270184
yolo11n,yolo11n.pt,600p,600.0,1043,586,124.41,548,320,fp32,85,0.03661,0.41201,0.02908,0.07429,0.25818,0.05407,0.02803,16.725,18.631,1.743,0.12,13.346,1.108,2.624,1.66,cpu,2.14.0+cpu,4.889584,17.953000000000003,497.64,535.482584,199.05599999999998,236.898584,99.52799999999999,137.370584,49.763999999999996,87.606584,19.9056,57.748184
yolo11n,yolo11n.pt,480p,480.0,853,480,87.59,548,1280,fp32,85,0.19945,0.50911,0.15476,0.23775,0.41297,0.22632,0.12921,169.399,176.56,4.315,3.165,112.706,15.183,2.624,27.43,cpu,2.14.0+cpu,3.27552,187.74699999999999,350.36,556.38252,140.144,346.16652,70.072,276.09452,35.036,241.05852,14.0144,220.03691999999998
yolo11n,yolo11n.pt,480p,480.0,853,480,87.59,548,960,fp32,85,0.16155,0.51238,0.12713,0.21687,0.38538,0.19837,0.11162,76.001,81.269,2.317,1.381,54.745,5.305,2.624,15.19,cpu,2.14.0+cpu,3.27552,82.68700000000001,350.36,451.32252000000005,140.144,241.10652000000002,70.072,171.03452000000001,35.036,135.99852,14.0144,114.97692
yolo11n,yolo11n.pt,480p,480.0,853,480,87.59,548,640,fp32,85,0.11236,0.50812,0.08868,0.16253,0.35423,0.14671,0.08034,36.722,39.691,1.682,0.378,27.108,2.795,2.624,6.67,cpu,2.14.0+cpu,3.27552,39.895,350.36,408.53052,140.144,198.31452000000002,70.072,128.24252,35.036,93.20652000000001,14.0144,72.18492
yolo11n,yolo11n.pt,480p,480.0,853,480,87.59,548,512,fp32,85,0.08305,0.50161,0.06558,0.13209,0.32999,0.11305,0.06255,26.63,30.155,2.358,0.228,20.405,2.031,2.624,4.26,cpu,2.14.0+cpu,3.27552,28.889,350.36,397.52452000000005,140.144,187.30852000000002,70.072,117.23652,35.036,82.20052,14.0144,61.178920000000005
yolo11n,yolo11n.pt,480p,480.0,853,480,87.59,548,320,fp32,85,0.03767,0.41071,0.02891,0.07633,0.25252,0.05451,0.02811,15.315,17.697,2.259,0.078,12.567,1.045,2.624,1.66,cpu,2.14.0+cpu,3.27552,16.438,350.36,385.07352000000003,140.144,174.85752,70.072,104.78552,35.036,69.74952,14.0144,48.72792
yolo11n,yolo11n.pt,360p,360.0,640,360,54.07,548,1280,fp32,85,0.1732,0.47457,0.13378,0.22658,0.37634,0.2034,0.11568,166.236,174.0,4.072,4.355,100.071,10.432,2.624,27.43,cpu,2.14.0+cpu,1.8432,181.02299999999997,216.28,414.14619999999996,86.512,284.3782,43.256,241.12219999999996,21.628,219.49419999999998,8.6512,206.51739999999995
yolo11n,yolo11n.pt,360p,360.0,640,360,54.07,548,960,fp32,85,0.1464,0.47236,0.11376,0.20626,0.34923,0.18044,0.10085,73.478,77.378,1.922,1.26,55.327,5.36,2.624,15.19,cpu,2.14.0+cpu,1.8432,80.098,216.28,313.2212,86.512,183.45319999999998,43.256,140.1972,21.628,118.5692,8.6512,105.5924
yolo11n,yolo11n.pt,360p,360.0,640,360,54.07,548,640,fp32,85,0.11025,0.506,0.08723,0.16109,0.32778,0.1417,0.07829,37.886,40.886,3.713,0.525,27.869,2.794,2.624,6.67,cpu,2.14.0+cpu,1.8432,41.205,216.28,274.3282,86.512,144.5602,43.256,101.3042,21.628,79.6762,8.6512,66.6994
yolo11n,yolo11n.pt,360p,360.0,640,360,54.07,548,512,fp32,85,0.08053,0.49114,0.06357,0.11944,0.33343,0.10838,0.05985,27.078,28.748,1.257,0.279,20.135,1.946,2.624,4.26,cpu,2.14.0+cpu,1.8432,29.303,216.28,262.4262,86.512,132.6582,43.256,89.4022,21.628,67.7742,8.6512,54.797399999999996
yolo11n,yolo11n.pt,360p,360.0,640,360,54.07,548,320,fp32,85,0.03666,0.40777,0.02827,0.07008,0.27511,0.05275,0.02716,15.075,17.127,1.638,0.077,12.47,1.047,2.624,1.66,cpu,2.14.0+cpu,1.8432,16.198999999999998,216.28,249.3222,86.512,119.5542,43.256,76.2982,21.628,54.670199999999994,8.6512,41.6934
yolo11n,yolo11n.pt,240p,240.0,427,240,26.97,548,1280,fp32,85,0.1296,0.4058,0.09389,0.16878,0.36009,0.14702,0.07992,163.26,169.423,3.797,3.238,101.973,15.06,2.624,27.43,cpu,2.14.0+cpu,0.81984,181.558,107.88,305.25784,43.152,240.52983999999998,21.576,218.95383999999999,10.788,208.16584,4.3152,201.69304
yolo11n,yolo11n.pt,240p,240.0,427,240,26.97,548,960,fp32,85,0.12089,0.4963,0.09131,0.15572,0.37916,0.14662,0.07933,72.858,77.465,3.026,1.265,55.613,5.673,2.624,15.19,cpu,2.14.0+cpu,0.81984,79.796,107.88,203.49584,43.152,138.76784,21.576,117.19184000000001,10.788,106.40384,4.3152,99.93104000000001
yolo11n,yolo11n.pt,240p,240.0,427,240,26.97,548,640,fp32,85,0.09282,0.47964,0.07215,0.14123,0.32501,0.12293,0.06608,37.056,39.647,1.596,0.539,27.718,2.588,2.624,6.67,cpu,2.14.0+cpu,0.81984,40.183,107.88,163.88284,43.152,99.15484000000001,21.576,77.57884,10.788,66.79084,4.3152,60.318039999999996
yolo11n,yolo11n.pt,240p,240.0,427,240,26.97,548,512,fp32,85,0.07268,0.52924,0.05845,0.11418,0.34196,0.1006,0.05414,28.673,32.064,3.591,0.308,21.188,1.909,2.624,4.26,cpu,2.14.0+cpu,0.81984,30.889999999999997,107.88,154.58983999999998,43.152,89.86184,21.576,68.28584,10.788,57.49784,4.3152,51.02504
yolo11n,yolo11n.pt,240p,240.0,427,240,26.97,548,320,fp32,85,0.03483,0.43847,0.02707,0.07246,0.23562,0.05168,0.02651,15.507,17.577,1.825,0.101,12.675,1.048,2.624,1.66,cpu,2.14.0+cpu,0.81984,16.656,107.88,140.35584,43.152,75.62783999999999,21.576,54.05184,10.788,43.26384,4.3152,36.791039999999995
yolo11n,yolo11n.pt,180p,180.0,320,180,16.62,548,1280,fp32,85,0.08916,0.36448,0.06955,0.1293,0.30192,0.11341,0.05939,190.306,200.675,6.856,3.717,100.726,14.337,2.624,27.43,cpu,2.14.0+cpu,0.4608,208.36,66.48,290.30080000000004,26.592000000000002,250.4128,13.296000000000001,237.1168,6.648000000000001,230.46880000000002,2.6592000000000002,226.48000000000002
yolo11n,yolo11n.pt,180p,180.0,320,180,16.62,548,960,fp32,85,0.08692,0.37337,0.06473,0.12834,0.31995,0.11126,0.05834,74.156,80.167,3.803,1.392,54.106,5.788,2.624,15.19,cpu,2.14.0+cpu,0.4608,81.336,66.48,163.2768,26.592000000000002,123.3888,13.296000000000001,110.0928,6.648000000000001,103.4448,2.6592000000000002,99.456
yolo11n,yolo11n.pt,180p,180.0,320,180,16.62,548,640,fp32,85,0.07439,0.44545,0.05989,0.11334,0.3191,0.10379,0.05418,38.239,40.736,1.626,0.516,28.029,2.539,2.624,6.67,cpu,2.14.0+cpu,0.4608,41.294,66.48,123.2348,26.592000000000002,83.3468,13.296000000000001,70.0508,6.648000000000001,63.4028,2.6592000000000002,59.414
yolo11n,yolo11n.pt,180p,180.0,320,180,16.62,548,512,fp32,85,0.06192,0.49186,0.04988,0.10775,0.31105,0.08762,0.04564,28.811,30.698,1.525,0.3,21.139,1.8,2.624,4.26,cpu,2.14.0+cpu,0.4608,30.911,66.48,112.85180000000001,26.592000000000002,72.9638,13.296000000000001,59.6678,6.648000000000001,53.019800000000004,2.6592000000000002,49.031000000000006
yolo11n,yolo11n.pt,180p,180.0,320,180,16.62,548,320,fp32,85,0.03445,0.38801,0.02808,0.0691,0.27096,0.05306,0.02711,16.188,18.782,2.073,0.104,12.766,1.041,2.624,1.66,cpu,2.14.0+cpu,0.4608,17.333,66.48,99.27380000000001,26.592000000000002,59.3858,13.296000000000001,46.0898,6.648000000000001,39.4418,2.6592000000000002,35.453
