model,seed,split,capture_tag,imgsz,class_id,class_name,metric,value
yolo11n,0,val,native,1280,0,pedestrian,recall,0.349673
yolo11n,0,val,native,1280,1,people,recall,0.0
yolo11n,0,val,native,1280,2,bicycle,recall,0.0
yolo11n,0,val,native,1280,3,car,recall,0.0
yolo11n,0,val,native,1280,4,van,recall,0.0
yolo11n,0,val,native,1280,5,truck,recall,0.0
yolo11n,0,val,native,1280,6,tricycle,recall,0.0
yolo11n,0,val,native,1280,7,awning-tricycle,recall,0.0
yolo11n,0,val,native,1280,9,motor,recall,0.0
yolo11n,0,val,native,1280,0,pedestrian,precision,0.45339
yolo11n,0,val,native,1280,1,people,precision,0.0
yolo11n,0,val,native,1280,2,bicycle,precision,0.0
yolo11n,0,val,native,1280,3,car,precision,0.0
yolo11n,0,val,native,1280,4,van,precision,0.0
yolo11n,0,val,native,1280,5,truck,precision,0.0
yolo11n,0,val,native,1280,6,tricycle,precision,0.0
yolo11n,0,val,native,1280,7,awning-tricycle,precision,0.0
yolo11n,0,val,native,1280,9,motor,precision,0.0
yolo11n,0,val,native,1280,0,pedestrian,map50,0.345905
yolo11n,0,val,native,1280,1,people,map50,0.024931
yolo11n,0,val,native,1280,2,bicycle,map50,0.000244
yolo11n,0,val,native,1280,3,car,map50,0.000218
yolo11n,0,val,native,1280,4,van,map50,0.0
yolo11n,0,val,native,1280,5,truck,map50,0.004606
yolo11n,0,val,native,1280,6,tricycle,map50,0.000862
yolo11n,0,val,native,1280,7,awning-tricycle,map50,0.0246
yolo11n,0,val,native,1280,9,motor,map50,0.015101
yolo11n,0,val,native,1280,0,pedestrian,map50_95,0.168599
yolo11n,0,val,native,1280,1,people,map50_95,0.005631
yolo11n,0,val,native,1280,2,bicycle,map50_95,5.9e-05
yolo11n,0,val,native,1280,3,car,map50_95,7.9e-05
yolo11n,0,val,native,1280,4,van,map50_95,0.0
yolo11n,0,val,native,1280,5,truck,map50_95,0.004146
yolo11n,0,val,native,1280,6,tricycle,map50_95,0.000776
yolo11n,0,val,native,1280,7,awning-tricycle,map50_95,0.01314
yolo11n,0,val,native,1280,9,motor,map50_95,0.003213
yolo11n,0,val,native,960,0,pedestrian,recall,0.235294
yolo11n,0,val,native,960,1,people,recall,0.007092
yolo11n,0,val,native,960,2,bicycle,recall,0.0
yolo11n,0,val,native,960,3,car,recall,0.0
yolo11n,0,val,native,960,4,van,recall,0.0
yolo11n,0,val,native,960,5,truck,recall,0.0
yolo11n,0,val,native,960,6,tricycle,recall,0.0
yolo11n,0,val,native,960,7,awning-tricycle,recall,0.0
yolo11n,0,val,native,960,9,motor,recall,0.0
yolo11n,0,val,native,960,0,pedestrian,precision,0.418605
yolo11n,0,val,native,960,1,people,precision,0.2
yolo11n,0,val,native,960,2,bicycle,precision,0.0
yolo11n,0,val,native,960,3,car,precision,0.0
yolo11n,0,val,native,960,4,van,precision,0.0
yolo11n,0,val,native,960,5,truck,precision,0.0
yolo11n,0,val,native,960,6,tricycle,precision,0.0
yolo11n,0,val,native,960,7,awning-tricycle,precision,0.0
yolo11n,0,val,native,960,9,motor,precision,0.0
yolo11n,0,val,native,960,0,pedestrian,map50,0.253299
yolo11n,0,val,native,960,1,people,map50,0.018781
yolo11n,0,val,native,960,2,bicycle,map50,0.000568
yolo11n,0,val,native,960,3,car,map50,0.000646
yolo11n,0,val,native,960,4,van,map50,0.0
yolo11n,0,val,native,960,5,truck,map50,0.01363
yolo11n,0,val,native,960,6,tricycle,map50,0.002083
yolo11n,0,val,native,960,7,awning-tricycle,map50,0.024262
yolo11n,0,val,native,960,9,motor,map50,0.01619
yolo11n,0,val,native,960,0,pedestrian,map50_95,0.129286
yolo11n,0,val,native,960,1,people,map50_95,0.00431
yolo11n,0,val,native,960,2,bicycle,map50_95,0.000178
yolo11n,0,val,native,960,3,car,map50_95,0.000158
yolo11n,0,val,native,960,4,van,map50_95,0.0
yolo11n,0,val,native,960,5,truck,map50_95,0.009541
yolo11n,0,val,native,960,6,tricycle,map50_95,0.001667
yolo11n,0,val,native,960,7,awning-tricycle,map50_95,0.013995
yolo11n,0,val,native,960,9,motor,map50_95,0.006396
yolo11n,0,val,720p,1280,0,pedestrian,recall,0.343137
yolo11n,0,val,720p,1280,1,people,recall,0.0
yolo11n,0,val,720p,1280,2,bicycle,recall,0.0
yolo11n,0,val,720p,1280,3,car,recall,0.0
yolo11n,0,val,720p,1280,4,van,recall,0.0
yolo11n,0,val,720p,1280,5,truck,recall,0.0
yolo11n,0,val,720p,1280,6,tricycle,recall,0.0
yolo11n,0,val,720p,1280,7,awning-tricycle,recall,0.0
yolo11n,0,val,720p,1280,9,motor,recall,0.0
yolo11n,0,val,720p,1280,0,pedestrian,precision,0.466667
yolo11n,0,val,720p,1280,1,people,precision,0.0
yolo11n,0,val,720p,1280,2,bicycle,precision,0.0
yolo11n,0,val,720p,1280,3,car,precision,0.0
yolo11n,0,val,720p,1280,4,van,precision,0.0
yolo11n,0,val,720p,1280,5,truck,precision,0.0
yolo11n,0,val,720p,1280,6,tricycle,precision,0.0
yolo11n,0,val,720p,1280,7,awning-tricycle,precision,0.0
yolo11n,0,val,720p,1280,9,motor,precision,0.0
yolo11n,0,val,720p,1280,0,pedestrian,map50,0.35118
yolo11n,0,val,720p,1280,1,people,map50,0.02009
yolo11n,0,val,720p,1280,2,bicycle,map50,0.000219
yolo11n,0,val,720p,1280,3,car,map50,0.000262
yolo11n,0,val,720p,1280,4,van,map50,0.0
yolo11n,0,val,720p,1280,5,truck,map50,0.004181
yolo11n,0,val,720p,1280,6,tricycle,map50,0.000833
yolo11n,0,val,720p,1280,7,awning-tricycle,map50,0.021705
yolo11n,0,val,720p,1280,9,motor,map50,0.0144
yolo11n,0,val,720p,1280,0,pedestrian,map50_95,0.168904
yolo11n,0,val,720p,1280,1,people,map50_95,0.004733
yolo11n,0,val,720p,1280,2,bicycle,map50_95,5.6e-05
yolo11n,0,val,720p,1280,3,car,map50_95,8.3e-05
yolo11n,0,val,720p,1280,4,van,map50_95,0.0
yolo11n,0,val,720p,1280,5,truck,map50_95,0.003345
yolo11n,0,val,720p,1280,6,tricycle,map50_95,0.00075
yolo11n,0,val,720p,1280,7,awning-tricycle,map50_95,0.011204
yolo11n,0,val,720p,1280,9,motor,map50_95,0.002936
yolo11n,0,val,720p,960,0,pedestrian,recall,0.222222
yolo11n,0,val,720p,960,1,people,recall,0.007092
yolo11n,0,val,720p,960,2,bicycle,recall,0.0
yolo11n,0,val,720p,960,3,car,recall,0.0
yolo11n,0,val,720p,960,4,van,recall,0.0
yolo11n,0,val,720p,960,5,truck,recall,0.0
yolo11n,0,val,720p,960,6,tricycle,recall,0.0
yolo11n,0,val,720p,960,7,awning-tricycle,recall,0.0
yolo11n,0,val,720p,960,9,motor,recall,0.002899
yolo11n,0,val,720p,960,0,pedestrian,precision,0.409639
yolo11n,0,val,720p,960,1,people,precision,0.2
yolo11n,0,val,720p,960,2,bicycle,precision,0.0
yolo11n,0,val,720p,960,3,car,precision,0.0
yolo11n,0,val,720p,960,4,van,precision,0.0
yolo11n,0,val,720p,960,5,truck,precision,0.0
yolo11n,0,val,720p,960,6,tricycle,precision,0.0
yolo11n,0,val,720p,960,7,awning-tricycle,precision,0.0
yolo11n,0,val,720p,960,9,motor,precision,1.0
yolo11n,0,val,720p,960,0,pedestrian,map50,0.246584
yolo11n,0,val,720p,960,1,people,map50,0.019926
yolo11n,0,val,720p,960,2,bicycle,map50,0.000708
yolo11n,0,val,720p,960,3,car,map50,0.000801
yolo11n,0,val,720p,960,4,van,map50,0.0
yolo11n,0,val,720p,960,5,truck,map50,0.011706
yolo11n,0,val,720p,960,6,tricycle,map50,0.0025
yolo11n,0,val,720p,960,7,awning-tricycle,map50,0.026394
yolo11n,0,val,720p,960,9,motor,map50,0.018611
yolo11n,0,val,720p,960,0,pedestrian,map50_95,0.126187
yolo11n,0,val,720p,960,1,people,map50_95,0.004279
yolo11n,0,val,720p,960,2,bicycle,map50_95,0.000269
yolo11n,0,val,720p,960,3,car,map50_95,0.000247
yolo11n,0,val,720p,960,4,van,map50_95,0.0
yolo11n,0,val,720p,960,5,truck,map50_95,0.008194
yolo11n,0,val,720p,960,6,tricycle,map50_95,0.002
yolo11n,0,val,720p,960,7,awning-tricycle,map50_95,0.01407
yolo11n,0,val,720p,960,9,motor,map50_95,0.006292
